{
  "comment": [
    {
      "id": "b50f9a12-2c8b-4320-81fd-ec7d43b1f095",
      "body": "Et accusamus distinctio sunt voluptas tempora repellendus. Ut error qui nostrum dignissimos harum veniam impedit eos quod. Cumque quasi velit est repellat modi.",
      "like": [
        {
          "id": "a21cc3bf-4506-41a0-bf7e-347825ab927f",
          "Suffix": "Jr."
        },
        {
          "id": "0c23230e-9797-4e5d-8f18-a8a8aee9e348",
          "Suffix": "V"
        },
        {
          "id": "2e3ae07c-acce-47df-b445-56bfe8ed3ec1",
          "Suffix": "Sr."
        },
        {
          "id": "5bd7124c-65a8-4c88-9ef7-205153b699ac",
          "Suffix": "III"
        },
        {
          "id": "dd703d95-1cad-42bf-b3e8-c13b6b5b2153",
          "Suffix": "IV"
        },
        {
          "id": "9c5d1327-c6a3-4179-bc6c-2eacf12231fa",
          "Suffix": "DVM"
        },
        {
          "id": "c0f514d5-d5b3-4e4a-9737-3cefe694eaad",
          "Suffix": "DVM"
        },
        {
          "id": "612b4d0d-7e6f-43c0-b783-fd3151bef436",
          "Suffix": "III"
        },
        {
          "id": "c75769a3-d816-475f-980f-9c1c876570d4",
          "Suffix": "II"
        },
        {
          "id": "c76f8caf-f7a7-44ec-8a44-84e2e51a3435",
          "Suffix": "IV"
        }
      ],
      "tags": [
        {
          "id": "3a28c1be-86fe-47e4-8da4-8360faea49cc",
          "Job Type": "Liaison"
        },
        {
          "id": "ef609ed2-2e52-4c0d-9525-8aefe41d719d",
          "Job Type": "Executive"
        },
        {
          "id": "b9f76a45-ed22-4729-88a0-86dadc521dcf",
          "Job Type": "Director"
        },
        {
          "id": "57ff448c-72b7-4529-9c48-88a0dc5b4e16",
          "Job Type": "Supervisor"
        },
        {
          "id": "0d16f1bd-0c8c-485d-9380-249bbca925c6",
          "Job Type": "Agent"
        },
        {
          "id": "a07fb2bb-3d87-46d0-9c3a-d77f55cc975c",
          "Job Type": "Coordinator"
        },
        {
          "id": "c7f31853-ba07-4c35-9172-bb77a2b802f0",
          "Job Type": "Facilitator"
        },
        {
          "id": "0ca88b80-31b9-4c29-9c3e-0321bed97e72",
          "Job Type": "Developer"
        },
        {
          "id": "a83cad6b-a884-498f-8e26-16d9f303a287",
          "Job Type": "Manager"
        },
        {
          "id": "84d22b08-44ae-4fde-9d2a-c813f3c05056",
          "Job Type": "Specialist"
        }
      ]
    },
    {
      "id": "8a4d444d-5413-463d-bfbd-eaddc26ae475",
      "body": "Voluptas qui ad et unde et fugit. Voluptatem nobis sit aspernatur quis velit esse sit distinctio non. Voluptates impedit velit illo quos voluptas. Enim odit in error et id eligendi magni. Id dolores accusantium sit.",
      "like": [
        {
          "id": "a21cc3bf-4506-41a0-bf7e-347825ab927f",
          "Suffix": "Jr."
        },
        {
          "id": "0c23230e-9797-4e5d-8f18-a8a8aee9e348",
          "Suffix": "V"
        },
        {
          "id": "2e3ae07c-acce-47df-b445-56bfe8ed3ec1",
          "Suffix": "Sr."
        },
        {
          "id": "5bd7124c-65a8-4c88-9ef7-205153b699ac",
          "Suffix": "III"
        },
        {
          "id": "dd703d95-1cad-42bf-b3e8-c13b6b5b2153",
          "Suffix": "IV"
        },
        {
          "id": "9c5d1327-c6a3-4179-bc6c-2eacf12231fa",
          "Suffix": "DVM"
        },
        {
          "id": "c0f514d5-d5b3-4e4a-9737-3cefe694eaad",
          "Suffix": "DVM"
        },
        {
          "id": "612b4d0d-7e6f-43c0-b783-fd3151bef436",
          "Suffix": "III"
        },
        {
          "id": "c75769a3-d816-475f-980f-9c1c876570d4",
          "Suffix": "II"
        },
        {
          "id": "c76f8caf-f7a7-44ec-8a44-84e2e51a3435",
          "Suffix": "IV"
        }
      ],
      "tags": [
        {
          "id": "3a28c1be-86fe-47e4-8da4-8360faea49cc",
          "Job Type": "Liaison"
        },
        {
          "id": "ef609ed2-2e52-4c0d-9525-8aefe41d719d",
          "Job Type": "Executive"
        },
        {
          "id": "b9f76a45-ed22-4729-88a0-86dadc521dcf",
          "Job Type": "Director"
        },
        {
          "id": "57ff448c-72b7-4529-9c48-88a0dc5b4e16",
          "Job Type": "Supervisor"
        },
        {
          "id": "0d16f1bd-0c8c-485d-9380-249bbca925c6",
          "Job Type": "Agent"
        },
        {
          "id": "a07fb2bb-3d87-46d0-9c3a-d77f55cc975c",
          "Job Type": "Coordinator"
        },
        {
          "id": "c7f31853-ba07-4c35-9172-bb77a2b802f0",
          "Job Type": "Facilitator"
        },
        {
          "id": "0ca88b80-31b9-4c29-9c3e-0321bed97e72",
          "Job Type": "Developer"
        },
        {
          "id": "a83cad6b-a884-498f-8e26-16d9f303a287",
          "Job Type": "Manager"
        },
        {
          "id": "84d22b08-44ae-4fde-9d2a-c813f3c05056",
          "Job Type": "Specialist"
        }
      ]
    },
    {
      "id": "179b8c2f-993f-484c-ae21-ed4d1e9f7379",
      "body": "Esse aliquid omnis saepe. Ratione nesciunt architecto error ex nam voluptas dolore fuga. Odio labore tenetur. Aliquam quo delectus.",
      "like": [
        {
          "id": "a21cc3bf-4506-41a0-bf7e-347825ab927f",
          "Suffix": "Jr."
        },
        {
          "id": "0c23230e-9797-4e5d-8f18-a8a8aee9e348",
          "Suffix": "V"
        },
        {
          "id": "2e3ae07c-acce-47df-b445-56bfe8ed3ec1",
          "Suffix": "Sr."
        },
        {
          "id": "5bd7124c-65a8-4c88-9ef7-205153b699ac",
          "Suffix": "III"
        },
        {
          "id": "dd703d95-1cad-42bf-b3e8-c13b6b5b2153",
          "Suffix": "IV"
        },
        {
          "id": "9c5d1327-c6a3-4179-bc6c-2eacf12231fa",
          "Suffix": "DVM"
        },
        {
          "id": "c0f514d5-d5b3-4e4a-9737-3cefe694eaad",
          "Suffix": "DVM"
        },
        {
          "id": "612b4d0d-7e6f-43c0-b783-fd3151bef436",
          "Suffix": "III"
        },
        {
          "id": "c75769a3-d816-475f-980f-9c1c876570d4",
          "Suffix": "II"
        },
        {
          "id": "c76f8caf-f7a7-44ec-8a44-84e2e51a3435",
          "Suffix": "IV"
        }
      ],
      "tags": [
        {
          "id": "3a28c1be-86fe-47e4-8da4-8360faea49cc",
          "Job Type": "Liaison"
        },
        {
          "id": "ef609ed2-2e52-4c0d-9525-8aefe41d719d",
          "Job Type": "Executive"
        },
        {
          "id": "b9f76a45-ed22-4729-88a0-86dadc521dcf",
          "Job Type": "Director"
        },
        {
          "id": "57ff448c-72b7-4529-9c48-88a0dc5b4e16",
          "Job Type": "Supervisor"
        },
        {
          "id": "0d16f1bd-0c8c-485d-9380-249bbca925c6",
          "Job Type": "Agent"
        },
        {
          "id": "a07fb2bb-3d87-46d0-9c3a-d77f55cc975c",
          "Job Type": "Coordinator"
        },
        {
          "id": "c7f31853-ba07-4c35-9172-bb77a2b802f0",
          "Job Type": "Facilitator"
        },
        {
          "id": "0ca88b80-31b9-4c29-9c3e-0321bed97e72",
          "Job Type": "Developer"
        },
        {
          "id": "a83cad6b-a884-498f-8e26-16d9f303a287",
          "Job Type": "Manager"
        },
        {
          "id": "84d22b08-44ae-4fde-9d2a-c813f3c05056",
          "Job Type": "Specialist"
        }
      ]
    },
    {
      "id": "3cfab1bb-c2d7-4517-90ee-80be4c8172e9",
      "body": "Ipsam nisi dolorem esse et autem dicta voluptas. Ad ullam eos suscipit asperiores qui qui est qui doloremque. Corrupti est quisquam esse rerum dolorem soluta saepe eius. Hic voluptatem adipisci. Velit sunt cumque minima quis. Dignissimos fugit veritatis est commodi alias natus.",
      "like": [
        {
          "id": "a21cc3bf-4506-41a0-bf7e-347825ab927f",
          "Suffix": "Jr."
        },
        {
          "id": "0c23230e-9797-4e5d-8f18-a8a8aee9e348",
          "Suffix": "V"
        },
        {
          "id": "2e3ae07c-acce-47df-b445-56bfe8ed3ec1",
          "Suffix": "Sr."
        },
        {
          "id": "5bd7124c-65a8-4c88-9ef7-205153b699ac",
          "Suffix": "III"
        },
        {
          "id": "dd703d95-1cad-42bf-b3e8-c13b6b5b2153",
          "Suffix": "IV"
        },
        {
          "id": "9c5d1327-c6a3-4179-bc6c-2eacf12231fa",
          "Suffix": "DVM"
        },
        {
          "id": "c0f514d5-d5b3-4e4a-9737-3cefe694eaad",
          "Suffix": "DVM"
        },
        {
          "id": "612b4d0d-7e6f-43c0-b783-fd3151bef436",
          "Suffix": "III"
        },
        {
          "id": "c75769a3-d816-475f-980f-9c1c876570d4",
          "Suffix": "II"
        },
        {
          "id": "c76f8caf-f7a7-44ec-8a44-84e2e51a3435",
          "Suffix": "IV"
        }
      ],
      "tags": [
        {
          "id": "3a28c1be-86fe-47e4-8da4-8360faea49cc",
          "Job Type": "Liaison"
        },
        {
          "id": "ef609ed2-2e52-4c0d-9525-8aefe41d719d",
          "Job Type": "Executive"
        },
        {
          "id": "b9f76a45-ed22-4729-88a0-86dadc521dcf",
          "Job Type": "Director"
        },
        {
          "id": "57ff448c-72b7-4529-9c48-88a0dc5b4e16",
          "Job Type": "Supervisor"
        },
        {
          "id": "0d16f1bd-0c8c-485d-9380-249bbca925c6",
          "Job Type": "Agent"
        },
        {
          "id": "a07fb2bb-3d87-46d0-9c3a-d77f55cc975c",
          "Job Type": "Coordinator"
        },
        {
          "id": "c7f31853-ba07-4c35-9172-bb77a2b802f0",
          "Job Type": "Facilitator"
        },
        {
          "id": "0ca88b80-31b9-4c29-9c3e-0321bed97e72",
          "Job Type": "Developer"
        },
        {
          "id": "a83cad6b-a884-498f-8e26-16d9f303a287",
          "Job Type": "Manager"
        },
        {
          "id": "84d22b08-44ae-4fde-9d2a-c813f3c05056",
          "Job Type": "Specialist"
        }
      ]
    },
    {
      "id": "a61a4a18-c90a-430c-bf55-352140ed068a",
      "body": "Doloremque at molestiae enim aspernatur aut similique et. Et vel sit nulla dolores exercitationem ex fugiat. Velit consequatur magni sit.",
      "like": [
        {
          "id": "a21cc3bf-4506-41a0-bf7e-347825ab927f",
          "Suffix": "Jr."
        },
        {
          "id": "0c23230e-9797-4e5d-8f18-a8a8aee9e348",
          "Suffix": "V"
        },
        {
          "id": "2e3ae07c-acce-47df-b445-56bfe8ed3ec1",
          "Suffix": "Sr."
        },
        {
          "id": "5bd7124c-65a8-4c88-9ef7-205153b699ac",
          "Suffix": "III"
        },
        {
          "id": "dd703d95-1cad-42bf-b3e8-c13b6b5b2153",
          "Suffix": "IV"
        },
        {
          "id": "9c5d1327-c6a3-4179-bc6c-2eacf12231fa",
          "Suffix": "DVM"
        },
        {
          "id": "c0f514d5-d5b3-4e4a-9737-3cefe694eaad",
          "Suffix": "DVM"
        },
        {
          "id": "612b4d0d-7e6f-43c0-b783-fd3151bef436",
          "Suffix": "III"
        },
        {
          "id": "c75769a3-d816-475f-980f-9c1c876570d4",
          "Suffix": "II"
        },
        {
          "id": "c76f8caf-f7a7-44ec-8a44-84e2e51a3435",
          "Suffix": "IV"
        }
      ],
      "tags": [
        {
          "id": "3a28c1be-86fe-47e4-8da4-8360faea49cc",
          "Job Type": "Liaison"
        },
        {
          "id": "ef609ed2-2e52-4c0d-9525-8aefe41d719d",
          "Job Type": "Executive"
        },
        {
          "id": "b9f76a45-ed22-4729-88a0-86dadc521dcf",
          "Job Type": "Director"
        },
        {
          "id": "57ff448c-72b7-4529-9c48-88a0dc5b4e16",
          "Job Type": "Supervisor"
        },
        {
          "id": "0d16f1bd-0c8c-485d-9380-249bbca925c6",
          "Job Type": "Agent"
        },
        {
          "id": "a07fb2bb-3d87-46d0-9c3a-d77f55cc975c",
          "Job Type": "Coordinator"
        },
        {
          "id": "c7f31853-ba07-4c35-9172-bb77a2b802f0",
          "Job Type": "Facilitator"
        },
        {
          "id": "0ca88b80-31b9-4c29-9c3e-0321bed97e72",
          "Job Type": "Developer"
        },
        {
          "id": "a83cad6b-a884-498f-8e26-16d9f303a287",
          "Job Type": "Manager"
        },
        {
          "id": "84d22b08-44ae-4fde-9d2a-c813f3c05056",
          "Job Type": "Specialist"
        }
      ]
    },
    {
      "id": "41433c49-b660-44f1-afdd-00ede2ff76f8",
      "body": "Ut sunt aliquam est. Est accusantium magni harum vitae. Consequatur quia quaerat officia non est magni necessitatibus vitae. Accusamus similique enim qui atque ut dicta. Aliquid quisquam fuga sed atque animi est quidem quis ut.",
      "like": [
        {
          "id": "a21cc3bf-4506-41a0-bf7e-347825ab927f",
          "Suffix": "Jr."
        },
        {
          "id": "0c23230e-9797-4e5d-8f18-a8a8aee9e348",
          "Suffix": "V"
        },
        {
          "id": "2e3ae07c-acce-47df-b445-56bfe8ed3ec1",
          "Suffix": "Sr."
        },
        {
          "id": "5bd7124c-65a8-4c88-9ef7-205153b699ac",
          "Suffix": "III"
        },
        {
          "id": "dd703d95-1cad-42bf-b3e8-c13b6b5b2153",
          "Suffix": "IV"
        },
        {
          "id": "9c5d1327-c6a3-4179-bc6c-2eacf12231fa",
          "Suffix": "DVM"
        },
        {
          "id": "c0f514d5-d5b3-4e4a-9737-3cefe694eaad",
          "Suffix": "DVM"
        },
        {
          "id": "612b4d0d-7e6f-43c0-b783-fd3151bef436",
          "Suffix": "III"
        },
        {
          "id": "c75769a3-d816-475f-980f-9c1c876570d4",
          "Suffix": "II"
        },
        {
          "id": "c76f8caf-f7a7-44ec-8a44-84e2e51a3435",
          "Suffix": "IV"
        }
      ],
      "tags": [
        {
          "id": "3a28c1be-86fe-47e4-8da4-8360faea49cc",
          "Job Type": "Liaison"
        },
        {
          "id": "ef609ed2-2e52-4c0d-9525-8aefe41d719d",
          "Job Type": "Executive"
        },
        {
          "id": "b9f76a45-ed22-4729-88a0-86dadc521dcf",
          "Job Type": "Director"
        },
        {
          "id": "57ff448c-72b7-4529-9c48-88a0dc5b4e16",
          "Job Type": "Supervisor"
        },
        {
          "id": "0d16f1bd-0c8c-485d-9380-249bbca925c6",
          "Job Type": "Agent"
        },
        {
          "id": "a07fb2bb-3d87-46d0-9c3a-d77f55cc975c",
          "Job Type": "Coordinator"
        },
        {
          "id": "c7f31853-ba07-4c35-9172-bb77a2b802f0",
          "Job Type": "Facilitator"
        },
        {
          "id": "0ca88b80-31b9-4c29-9c3e-0321bed97e72",
          "Job Type": "Developer"
        },
        {
          "id": "a83cad6b-a884-498f-8e26-16d9f303a287",
          "Job Type": "Manager"
        },
        {
          "id": "84d22b08-44ae-4fde-9d2a-c813f3c05056",
          "Job Type": "Specialist"
        }
      ]
    },
    {
      "id": "4c72f5ec-a2dc-4c70-a52b-f650bb23d619",
      "body": "Ad et et. Suscipit itaque ipsa tenetur laborum voluptatem et nostrum. Earum officia quia id non quia recusandae dolores. Est sint velit eveniet ea ab porro aperiam non. Qui natus nesciunt. Dolores libero eum.",
      "like": [
        {
          "id": "a21cc3bf-4506-41a0-bf7e-347825ab927f",
          "Suffix": "Jr."
        },
        {
          "id": "0c23230e-9797-4e5d-8f18-a8a8aee9e348",
          "Suffix": "V"
        },
        {
          "id": "2e3ae07c-acce-47df-b445-56bfe8ed3ec1",
          "Suffix": "Sr."
        },
        {
          "id": "5bd7124c-65a8-4c88-9ef7-205153b699ac",
          "Suffix": "III"
        },
        {
          "id": "dd703d95-1cad-42bf-b3e8-c13b6b5b2153",
          "Suffix": "IV"
        },
        {
          "id": "9c5d1327-c6a3-4179-bc6c-2eacf12231fa",
          "Suffix": "DVM"
        },
        {
          "id": "c0f514d5-d5b3-4e4a-9737-3cefe694eaad",
          "Suffix": "DVM"
        },
        {
          "id": "612b4d0d-7e6f-43c0-b783-fd3151bef436",
          "Suffix": "III"
        },
        {
          "id": "c75769a3-d816-475f-980f-9c1c876570d4",
          "Suffix": "II"
        },
        {
          "id": "c76f8caf-f7a7-44ec-8a44-84e2e51a3435",
          "Suffix": "IV"
        }
      ],
      "tags": [
        {
          "id": "3a28c1be-86fe-47e4-8da4-8360faea49cc",
          "Job Type": "Liaison"
        },
        {
          "id": "ef609ed2-2e52-4c0d-9525-8aefe41d719d",
          "Job Type": "Executive"
        },
        {
          "id": "b9f76a45-ed22-4729-88a0-86dadc521dcf",
          "Job Type": "Director"
        },
        {
          "id": "57ff448c-72b7-4529-9c48-88a0dc5b4e16",
          "Job Type": "Supervisor"
        },
        {
          "id": "0d16f1bd-0c8c-485d-9380-249bbca925c6",
          "Job Type": "Agent"
        },
        {
          "id": "a07fb2bb-3d87-46d0-9c3a-d77f55cc975c",
          "Job Type": "Coordinator"
        },
        {
          "id": "c7f31853-ba07-4c35-9172-bb77a2b802f0",
          "Job Type": "Facilitator"
        },
        {
          "id": "0ca88b80-31b9-4c29-9c3e-0321bed97e72",
          "Job Type": "Developer"
        },
        {
          "id": "a83cad6b-a884-498f-8e26-16d9f303a287",
          "Job Type": "Manager"
        },
        {
          "id": "84d22b08-44ae-4fde-9d2a-c813f3c05056",
          "Job Type": "Specialist"
        }
      ]
    },
    {
      "id": "7e829d56-1619-4cdb-8525-8aca2bb0b106",
      "body": "Id ut officiis sunt quis iusto eaque beatae placeat qui. Et ea sed est corrupti. Sed quo dolorem. Quia facere aliquam blanditiis quam quaerat qui dolore. At numquam ducimus. Quam facilis dignissimos natus quibusdam necessitatibus unde adipisci delectus.",
      "like": [
        {
          "id": "a21cc3bf-4506-41a0-bf7e-347825ab927f",
          "Suffix": "Jr."
        },
        {
          "id": "0c23230e-9797-4e5d-8f18-a8a8aee9e348",
          "Suffix": "V"
        },
        {
          "id": "2e3ae07c-acce-47df-b445-56bfe8ed3ec1",
          "Suffix": "Sr."
        },
        {
          "id": "5bd7124c-65a8-4c88-9ef7-205153b699ac",
          "Suffix": "III"
        },
        {
          "id": "dd703d95-1cad-42bf-b3e8-c13b6b5b2153",
          "Suffix": "IV"
        },
        {
          "id": "9c5d1327-c6a3-4179-bc6c-2eacf12231fa",
          "Suffix": "DVM"
        },
        {
          "id": "c0f514d5-d5b3-4e4a-9737-3cefe694eaad",
          "Suffix": "DVM"
        },
        {
          "id": "612b4d0d-7e6f-43c0-b783-fd3151bef436",
          "Suffix": "III"
        },
        {
          "id": "c75769a3-d816-475f-980f-9c1c876570d4",
          "Suffix": "II"
        },
        {
          "id": "c76f8caf-f7a7-44ec-8a44-84e2e51a3435",
          "Suffix": "IV"
        }
      ],
      "tags": [
        {
          "id": "3a28c1be-86fe-47e4-8da4-8360faea49cc",
          "Job Type": "Liaison"
        },
        {
          "id": "ef609ed2-2e52-4c0d-9525-8aefe41d719d",
          "Job Type": "Executive"
        },
        {
          "id": "b9f76a45-ed22-4729-88a0-86dadc521dcf",
          "Job Type": "Director"
        },
        {
          "id": "57ff448c-72b7-4529-9c48-88a0dc5b4e16",
          "Job Type": "Supervisor"
        },
        {
          "id": "0d16f1bd-0c8c-485d-9380-249bbca925c6",
          "Job Type": "Agent"
        },
        {
          "id": "a07fb2bb-3d87-46d0-9c3a-d77f55cc975c",
          "Job Type": "Coordinator"
        },
        {
          "id": "c7f31853-ba07-4c35-9172-bb77a2b802f0",
          "Job Type": "Facilitator"
        },
        {
          "id": "0ca88b80-31b9-4c29-9c3e-0321bed97e72",
          "Job Type": "Developer"
        },
        {
          "id": "a83cad6b-a884-498f-8e26-16d9f303a287",
          "Job Type": "Manager"
        },
        {
          "id": "84d22b08-44ae-4fde-9d2a-c813f3c05056",
          "Job Type": "Specialist"
        }
      ]
    },
    {
      "id": "405febc9-6d7b-429e-9bcb-21ce3395af20",
      "body": "Minus voluptatibus nihil illo ullam et amet quod voluptatem perferendis. Exercitationem amet quas officiis autem nam. Eligendi molestiae accusamus consectetur. Ut et est nihil reiciendis. Laborum vero magnam sequi nihil. Enim totam similique nobis non amet.",
      "like": [
        {
          "id": "a21cc3bf-4506-41a0-bf7e-347825ab927f",
          "Suffix": "Jr."
        },
        {
          "id": "0c23230e-9797-4e5d-8f18-a8a8aee9e348",
          "Suffix": "V"
        },
        {
          "id": "2e3ae07c-acce-47df-b445-56bfe8ed3ec1",
          "Suffix": "Sr."
        },
        {
          "id": "5bd7124c-65a8-4c88-9ef7-205153b699ac",
          "Suffix": "III"
        },
        {
          "id": "dd703d95-1cad-42bf-b3e8-c13b6b5b2153",
          "Suffix": "IV"
        },
        {
          "id": "9c5d1327-c6a3-4179-bc6c-2eacf12231fa",
          "Suffix": "DVM"
        },
        {
          "id": "c0f514d5-d5b3-4e4a-9737-3cefe694eaad",
          "Suffix": "DVM"
        },
        {
          "id": "612b4d0d-7e6f-43c0-b783-fd3151bef436",
          "Suffix": "III"
        },
        {
          "id": "c75769a3-d816-475f-980f-9c1c876570d4",
          "Suffix": "II"
        },
        {
          "id": "c76f8caf-f7a7-44ec-8a44-84e2e51a3435",
          "Suffix": "IV"
        }
      ],
      "tags": [
        {
          "id": "3a28c1be-86fe-47e4-8da4-8360faea49cc",
          "Job Type": "Liaison"
        },
        {
          "id": "ef609ed2-2e52-4c0d-9525-8aefe41d719d",
          "Job Type": "Executive"
        },
        {
          "id": "b9f76a45-ed22-4729-88a0-86dadc521dcf",
          "Job Type": "Director"
        },
        {
          "id": "57ff448c-72b7-4529-9c48-88a0dc5b4e16",
          "Job Type": "Supervisor"
        },
        {
          "id": "0d16f1bd-0c8c-485d-9380-249bbca925c6",
          "Job Type": "Agent"
        },
        {
          "id": "a07fb2bb-3d87-46d0-9c3a-d77f55cc975c",
          "Job Type": "Coordinator"
        },
        {
          "id": "c7f31853-ba07-4c35-9172-bb77a2b802f0",
          "Job Type": "Facilitator"
        },
        {
          "id": "0ca88b80-31b9-4c29-9c3e-0321bed97e72",
          "Job Type": "Developer"
        },
        {
          "id": "a83cad6b-a884-498f-8e26-16d9f303a287",
          "Job Type": "Manager"
        },
        {
          "id": "84d22b08-44ae-4fde-9d2a-c813f3c05056",
          "Job Type": "Specialist"
        }
      ]
    },
    {
      "id": "2feb4a7a-3a41-4c59-b0b8-849a1e28bf57",
      "body": "Eum harum voluptate reprehenderit. Nihil quia sint minus natus assumenda voluptates. Vitae soluta tempora voluptatem iste. Nulla assumenda nihil aliquid. Voluptatibus quo sapiente consequatur sit omnis dolores sequi excepturi.",
      "like": [
        {
          "id": "a21cc3bf-4506-41a0-bf7e-347825ab927f",
          "Suffix": "Jr."
        },
        {
          "id": "0c23230e-9797-4e5d-8f18-a8a8aee9e348",
          "Suffix": "V"
        },
        {
          "id": "2e3ae07c-acce-47df-b445-56bfe8ed3ec1",
          "Suffix": "Sr."
        },
        {
          "id": "5bd7124c-65a8-4c88-9ef7-205153b699ac",
          "Suffix": "III"
        },
        {
          "id": "dd703d95-1cad-42bf-b3e8-c13b6b5b2153",
          "Suffix": "IV"
        },
        {
          "id": "9c5d1327-c6a3-4179-bc6c-2eacf12231fa",
          "Suffix": "DVM"
        },
        {
          "id": "c0f514d5-d5b3-4e4a-9737-3cefe694eaad",
          "Suffix": "DVM"
        },
        {
          "id": "612b4d0d-7e6f-43c0-b783-fd3151bef436",
          "Suffix": "III"
        },
        {
          "id": "c75769a3-d816-475f-980f-9c1c876570d4",
          "Suffix": "II"
        },
        {
          "id": "c76f8caf-f7a7-44ec-8a44-84e2e51a3435",
          "Suffix": "IV"
        }
      ],
      "tags": [
        {
          "id": "3a28c1be-86fe-47e4-8da4-8360faea49cc",
          "Job Type": "Liaison"
        },
        {
          "id": "ef609ed2-2e52-4c0d-9525-8aefe41d719d",
          "Job Type": "Executive"
        },
        {
          "id": "b9f76a45-ed22-4729-88a0-86dadc521dcf",
          "Job Type": "Director"
        },
        {
          "id": "57ff448c-72b7-4529-9c48-88a0dc5b4e16",
          "Job Type": "Supervisor"
        },
        {
          "id": "0d16f1bd-0c8c-485d-9380-249bbca925c6",
          "Job Type": "Agent"
        },
        {
          "id": "a07fb2bb-3d87-46d0-9c3a-d77f55cc975c",
          "Job Type": "Coordinator"
        },
        {
          "id": "c7f31853-ba07-4c35-9172-bb77a2b802f0",
          "Job Type": "Facilitator"
        },
        {
          "id": "0ca88b80-31b9-4c29-9c3e-0321bed97e72",
          "Job Type": "Developer"
        },
        {
          "id": "a83cad6b-a884-498f-8e26-16d9f303a287",
          "Job Type": "Manager"
        },
        {
          "id": "84d22b08-44ae-4fde-9d2a-c813f3c05056",
          "Job Type": "Specialist"
        }
      ]
    }
  ]
}